label,group,mu,tx_dbm,rri_ms,p_keep,eta,cbr_target,varied_value,varied_numeric,n_runs,0_250m_aoi_mean_ms_mean,0_250m_aoi_mean_ms_ci95,0_250m_aoi_time_above_100ms_ratio_mean,0_250m_aoi_time_above_100ms_ratio_ci95,0_250m_aoi_time_above_200ms_ratio_mean,0_250m_aoi_time_above_200ms_ratio_ci95,0_250m_aoi_time_above_500ms_ratio_mean,0_250m_aoi_time_above_500ms_ratio_ci95,0_250m_blackout_gt_2rri_ratio_mean,0_250m_blackout_gt_2rri_ratio_ci95,0_250m_blackout_gt_5rri_ratio_mean,0_250m_blackout_gt_5rri_ratio_ci95,0_250m_blackout_p95_ms_mean,0_250m_blackout_p95_ms_ci95,0_250m_clr_mean,0_250m_clr_ci95,0_250m_hdr_mean,0_250m_hdr_ci95,0_250m_missed_updates_mean_mean,0_250m_missed_updates_mean_ci95,0_250m_missed_updates_p95_mean,0_250m_missed_updates_p95_ci95,0_250m_n_mean,0_250m_n_ci95,0_250m_n_ipg_mean,0_250m_n_ipg_ci95,0_250m_n_pairs_mean,0_250m_n_pairs_ci95,0_250m_nsr_mean,0_250m_nsr_ci95,0_250m_paoi_gt_100ms_ratio_mean,0_250m_paoi_gt_100ms_ratio_ci95,0_250m_paoi_gt_200ms_ratio_mean,0_250m_paoi_gt_200ms_ratio_ci95,0_250m_paoi_gt_500ms_ratio_mean,0_250m_paoi_gt_500ms_ratio_ci95,0_250m_pir_cv_mean,0_250m_pir_cv_ci95,0_250m_pir_mean_ms_mean,0_250m_pir_mean_ms_ci95,0_250m_pir_p50_ms_mean,0_250m_pir_p50_ms_ci95,0_250m_pir_p95_ms_mean,0_250m_pir_p95_ms_ci95,0_250m_pir_p99_ms_mean,0_250m_pir_p99_ms_ci95,0_250m_plr_mean,0_250m_plr_ci95,0_250m_prr_mean,0_250m_prr_ci95,250_500m_aoi_mean_ms_mean,250_500m_aoi_mean_ms_ci95,250_500m_aoi_time_above_100ms_ratio_mean,250_500m_aoi_time_above_100ms_ratio_ci95,250_500m_aoi_time_above_200ms_ratio_mean,250_500m_aoi_time_above_200ms_ratio_ci95,250_500m_aoi_time_above_500ms_ratio_mean,250_500m_aoi_time_above_500ms_ratio_ci95,250_500m_blackout_gt_2rri_ratio_mean,250_500m_blackout_gt_2rri_ratio_ci95,250_500m_blackout_gt_5rri_ratio_mean,250_500m_blackout_gt_5rri_ratio_ci95,250_500m_blackout_p95_ms_mean,250_500m_blackout_p95_ms_ci95,250_500m_clr_mean,250_500m_clr_ci95,250_500m_hdr_mean,250_500m_hdr_ci95,250_500m_missed_updates_mean_mean,250_500m_missed_updates_mean_ci95,250_500m_missed_updates_p95_mean,250_500m_missed_updates_p95_ci95,250_500m_n_mean,250_500m_n_ci95,250_500m_n_ipg_mean,250_500m_n_ipg_ci95,250_500m_n_pairs_mean,250_500m_n_pairs_ci95,250_500m_nsr_mean,250_500m_nsr_ci95,250_500m_paoi_gt_100ms_ratio_mean,250_500m_paoi_gt_100ms_ratio_ci95,250_500m_paoi_gt_200ms_ratio_mean,250_500m_paoi_gt_200ms_ratio_ci95,250_500m_paoi_gt_500ms_ratio_mean,250_500m_paoi_gt_500ms_ratio_ci95,250_500m_pir_cv_mean,250_500m_pir_cv_ci95,250_500m_pir_mean_ms_mean,250_500m_pir_mean_ms_ci95,250_500m_pir_p50_ms_mean,250_500m_pir_p50_ms_ci95,250_500m_pir_p95_ms_mean,250_500m_pir_p95_ms_ci95,250_500m_pir_p99_ms_mean,250_500m_pir_p99_ms_ci95,250_500m_plr_mean,250_500m_plr_ci95,250_500m_prr_mean,250_500m_prr_ci95,all_aoi_mean_ms_mean,all_aoi_mean_ms_ci95,all_aoi_time_above_100ms_ratio_mean,all_aoi_time_above_100ms_ratio_ci95,all_aoi_time_above_200ms_ratio_mean,all_aoi_time_above_200ms_ratio_ci95,all_aoi_time_above_500ms_ratio_mean,all_aoi_time_above_500ms_ratio_ci95,all_blackout_gt_2rri_ratio_mean,all_blackout_gt_2rri_ratio_ci95,all_blackout_gt_5rri_ratio_mean,all_blackout_gt_5rri_ratio_ci95,all_blackout_p95_ms_mean,all_blackout_p95_ms_ci95,all_missed_updates_mean_mean,all_missed_updates_mean_ci95,all_missed_updates_p95_mean,all_missed_updates_p95_ci95,all_n_ipg_mean,all_n_ipg_ci95,all_n_pairs_mean,all_n_pairs_ci95,all_paoi_gt_100ms_ratio_mean,all_paoi_gt_100ms_ratio_ci95,all_paoi_gt_200ms_ratio_mean,all_paoi_gt_200ms_ratio_ci95,all_paoi_gt_500ms_ratio_mean,all_paoi_gt_500ms_ratio_ci95,all_pir_cv_mean,all_pir_cv_ci95,all_pir_mean_ms_mean,all_pir_mean_ms_ci95,all_pir_p50_ms_mean,all_pir_p50_ms_ci95,all_pir_p95_ms_mean,all_pir_p95_ms_ci95,all_pir_p99_ms_mean,all_pir_p99_ms_ci95,avg_usr_mean_mean,avg_usr_mean_ci95,cam_interval_ms_mean,cam_interval_ms_ci95,cbr_mean_mean,cbr_mean_ci95,cbr_n_mean,cbr_n_ci95,cbr_p50_mean,cbr_p50_ci95,cbr_p95_mean,cbr_p95_ci95,cbr_target_mean,cbr_target_ci95,clr_inrange_mean,clr_inrange_ci95,clr_raw_mean,clr_raw_ci95,counter_resel_rate_per_ue_s_mean,counter_resel_rate_per_ue_s_ci95,eta_mean,eta_ci95,hdr_inrange_mean,hdr_inrange_ci95,hdr_raw_mean,hdr_raw_ci95,latency_mean_ms_mean,latency_mean_ms_ci95,latency_p95_ms_mean,latency_p95_ms_ci95,latency_p99_ms_mean,latency_p99_ms_ci95,max_distance_m_mean,max_distance_m_ci95,mcs_mean,mcs_ci95,mu_mean,mu_ci95,mu_readme_mean,mu_readme_ci95,ncsr_final_mean_mean,ncsr_final_mean_ci95,ncsr_initial_mean_mean,ncsr_initial_mean_ci95,ncsr_shrinkage_mean_mean,ncsr_shrinkage_mean_ci95,nsr_inrange_mean,nsr_inrange_ci95,nsr_raw_mean,nsr_raw_ci95,p_keep_mean,p_keep_ci95,pkeep_readme_mean,pkeep_readme_ci95,plr_inrange_mean,plr_inrange_ci95,plr_raw_mean,plr_raw_ci95,rc_mean_mean,rc_mean_ci95,rc_p50_mean,rc_p50_ci95,rc_p95_mean,rc_p95_ci95,received_rows_read_mean,received_rows_read_ci95,reserv_rows_mean,reserv_rows_ci95,rri_ms_mean,rri_ms_ci95,rri_readme_ms_mean,rri_readme_ms_ci95,rx_events_mean,rx_events_ci95,rx_events_inrange_mean,rx_events_inrange_ci95,sim_time_s_mean,sim_time_s_ci95,ssps_rows_mean,ssps_rows_ci95,success_ratio_inrange_mean,success_ratio_inrange_ci95,success_ratio_raw_mean,success_ratio_raw_ci95,trigger_0_share_mean,trigger_0_share_ci95,tx_dbm_mean,tx_dbm_ci95,tx_rate_per_ue_s_mean,tx_rate_per_ue_s_ci95,tx_readme_mean,tx_readme_ci95,ue_count_mean,ue_count_ci95,varied_numeric_mean,varied_numeric_ci95
G2_tx17_pK0_CBR50,G2,0,17,100,0.0,1.0,50,tx17,17.0,1,8228.491711432527,0.0,0.7282516375844951,0.0,0.6219895956978387,0.0,0.6101432310623435,0.0,0.14055144273890352,0.0,0.009722822492072566,0.0,40800.50000000001,0.0,0.0015139262979333994,0.0,0.00523414177402978,0.0,2.5969447426430152,0.0,1.0,0.0,1315784.0,0.0,1291086.0,0.0,6320.0,0.0,7.600031616131523e-07,0.0,0.7624867746997489,0.0,0.14055144273890352,0.0,0.009722822492072566,0.0,6.674002479576082,0.0,359.31916231761477,0.0,120.00000000000455,0.0,200.00000000000284,0.0,410.0000000000007,0.0,0.00721851002900172,0.0,0.9860326618958735,0.0,7600.137304430068,0.0,0.7455149276412605,0.0,0.6318441280266589,0.0,0.5943986316287704,0.0,0.21424877456491434,0.0,0.017060529747717768,0.0,36130.0,0.0,0.003751143302561368,0.0,0.005161987920800145,0.0,2.8442432657282906,0.0,2.0,0.0,810153.0,0.0,711584.0,0.0,4648.0,0.0,0.0003986901239642389,0.0,0.78568236497729,0.0,0.21424877456491434,0.0,0.017060529747717768,0.0,6.481341204999475,0.0,384.2864791788461,0.0,130.00000000000966,0.0,300.0000000000007,0.0,4629.999999999999,0.0,0.1066144296200841,0.0,0.8840737490325902,0.0,5013.602926276233,0.0,0.5995577403121736,0.0,0.43566449755457237,0.0,0.4100363435529333,0.0,0.16360895229768446,0.0,0.006174406277707328,0.0,27310.000000000004,0.0,1.4426376070035747,0.0,1.0,0.0,2029021.0,0.0,6320.0,0.0,0.770446436976256,0.0,0.16360895229768446,0.0,0.006174406277707328,0.0,6.409337951890226,0.0,243.97278293324712,0.0,129.99999999999545,0.0,219.99999999999886,0.0,399.9999999999986,0.0,0.0,0.0,135.0,0.0,0.4388152777777518,0.0,14400.0,0.0,0.44,0.0,0.51,0.0,50.0,0.0,0.0024163345328365752,0.0,0.0024163345328365752,0.0,0.04643439305396924,0.0,1.0,0.0,0.005217444580026113,0.0,0.005217444580026113,0.0,51.163563304727596,0.0,95.9,0.0,100.1,0.0,533.225,0.0,13.0,0.0,0.0,0.0,0.0,0.0,73.26318917134368,0.0,98.0,0.0,0.25241643702711064,0.0,0.00017405406258427116,0.0,0.00017405406258427116,0.0,0.0,0.0,0.0,0.0,0.047500514039664835,0.0,0.047500514039664835,0.0,2.0531858699240675,0.0,1.0,0.0,11.0,0.0,2387947.0,0.0,7280.0,0.0,100.0,0.0,100.0,0.0,2154503.0,0.0,2154503.0,0.0,100.0,0.0,30290.0,0.0,0.9446916527848882,0.0,0.9446916527848882,0.0,1.0,0.0,17.0,0.0,0.08288885685454807,0.0,17.0,0.0,80.0,0.0,17.0,0.0
G2_tx17_pK4_CBR50,G2,0,17,100,0.4,1.6666666666666667,50,tx17,17.0,1,8233.873441771286,0.0,0.7224005385454222,0.0,0.6212566467917761,0.0,0.6104916438299832,0.0,0.19890849402469257,0.0,0.009837000537870405,0.0,40800.00000000001,0.0,0.0011270298697113952,0.0,0.0035976799751947035,0.0,2.5846411724338325,0.0,1.0,0.0,1315848.0,0.0,1293992.0,0.0,6320.0,0.0,1.5199323934071413e-06,0.0,0.725890113694675,0.0,0.19890849402469257,0.0,0.009837000537870405,0.0,6.683545211727547,0.0,358.5615057898349,0.0,100.00000000000853,0.0,200.00000000000284,0.0,439.9999999999977,0.0,0.007080605054687167,0.0,0.9881931651680134,0.0,7605.538080723342,0.0,0.7403277156538708,0.0,0.6304930626982498,0.0,0.5945129472271833,0.0,0.2664979319711093,0.0,0.016434796760742807,0.0,36167.0,0.0,0.0028310040001975406,0.0,0.0037927798903649563,0.0,2.8342616547598336,0.0,2.0,0.0,809960.0,0.0,712756.0,0.0,4647.0,0.0,0.00037038866116845276,0.0,0.7568396477897065,0.0,0.2664979319711093,0.0,0.016434796760742807,0.0,6.491288973074664,0.0,383.4382313161868,0.0,100.00000000000853,0.0,300.0000000000007,0.0,4514.499999999528,0.0,0.10727443330534842,0.0,0.8857313941429207,0.0,5015.740177182535,0.0,0.5911119057935765,0.0,0.43416503012560104,0.0,0.41043791356150117,0.0,0.22022479536224926,0.0,0.006004248418892725,0.0,27320.0,0.0,1.4339328564887246,0.0,1.0,0.0,2033227.0,0.0,6320.0,0.0,0.7364652348212964,0.0,0.22022479536224926,0.0,0.006004248418892725,0.0,6.41763499382989,0.0,243.46151708589352,0.0,100.00000000000853,0.0,200.00000000000284,0.0,399.99999999999864,0.0,0.0,0.0,135.0,0.0,0.4630409722222041,0.0,14400.0,0.0,0.46,0.0,0.53,0.0,50.0,0.0,0.001828846856356148,0.0,0.001828846856356148,0.0,0.010257263251275227,0.0,1.6666666666666667,0.0,0.003677189034531321,0.0,0.003677189034531321,0.0,50.116330538205965,0.0,95.4,0.0,99.9,0.0,533.227,0.0,13.0,0.0,0.0,0.0,0.0,0.0,53.38581869470445,0.0,98.0,0.0,0.4552467480131988,0.0,0.00016246101515854106,0.0,0.00016246101515854106,0.0,0.4,0.0,0.4,0.0,0.04762614285521985,0.0,0.04762614285521985,0.0,3.892165662264393,0.0,1.0,0.0,14.0,0.0,2387699.0,0.0,7280.0,0.0,100.0,0.0,100.0,0.0,2154363.0,0.0,2154363.0,0.0,100.0,0.0,7799.0,0.0,0.9467053602387342,0.0,0.9467053602387342,0.0,1.0,0.0,17.0,0.0,0.0826125526724329,0.0,17.0,0.0,80.0,0.0,17.0,0.0
G2_tx17_pK8_CBR50,G2,0,17,100,0.8,5.000000000000001,50,tx17,17.0,1,8229.814228038664,0.0,0.7213704049181848,0.0,0.6211870535800299,0.0,0.6105948263440244,0.0,0.21199551595490304,0.0,0.00977543463329952,0.0,40830.5,0.0,0.0010267322782284878,0.0,0.0032884312123572664,0.0,2.5845150563943613,0.0,1.0,0.0,1315825.0,0.0,1294367.0,0.0,6320.0,0.0,0.0,0.0,0.7173838640818253,0.0,0.21199551595490304,0.0,0.00977543463329952,0.0,6.682960587069405,0.0,358.48050823298183,0.0,100.00000000000142,0.0,200.00000000000284,0.0,400.0000000000057,0.0,0.007189405886041077,0.0,0.9884954306233732,0.0,7600.024430249604,0.0,0.7393356638301157,0.0,0.6302666281248019,0.0,0.5945098121611199,0.0,0.2760002244542955,0.0,0.016100387183659727,0.0,36156.5,0.0,0.002920663136194744,0.0,0.0036773691812020887,0.0,2.8320071825374558,0.0,2.0,0.0,810090.0,0.0,712840.0,0.0,4650.0,0.0,0.0003123109777925909,0.0,0.7534425677571405,0.0,0.2760002244542955,0.0,0.016100387183659727,0.0,6.492102916830245,0.0,383.24464115369506,0.0,100.00000000000853,0.0,300.0000000000007,0.0,4450.0,0.0,0.10739670900764113,0.0,0.8856929476971694,0.0,5016.198714780967,0.0,0.5896217559439231,0.0,0.43399811597476545,0.0,0.41056301420764485,0.0,0.2320455898847812,0.0,0.0058285540632442125,0.0,27310.000000000004,0.0,1.4337284109187165,0.0,1.0,0.0,2033609.0,0.0,6320.0,0.0,0.7298246614762228,0.0,0.2320455898847812,0.0,0.0058285540632442125,0.0,6.418696152186706,0.0,243.40636277671862,0.0,100.00000000000142,0.0,200.00000000000284,0.0,399.9999999999986,0.0,0.0,0.0,135.0,0.0,0.4644638888888638,0.0,14400.0,0.0,0.47,0.0,0.53,0.0,50.0,0.0,0.0017916081261032198,0.0,0.0017916081261032198,0.0,0.005544528105212965,0.0,5.000000000000001,0.0,0.003439330625498668,0.0,0.003439330625498668,0.0,50.15259580122923,0.0,95.60000000000001,0.0,100.0,0.0,533.221,0.0,13.0,0.0,0.0,0.0,0.0,0.0,49.6762024520591,0.0,98.0,0.0,0.49309997497898844,0.0,0.00014063659642727348,0.0,0.00014063659642727348,0.0,0.8,0.0,0.8,0.0,0.04780112592823635,0.0,0.04780112592823635,0.0,5.20308079220371,0.0,1.0,0.0,14.0,0.0,2387787.0,0.0,7280.0,0.0,100.0,0.0,100.0,0.0,2154489.0,0.0,2154489.0,0.0,100.0,0.0,3181.0,0.0,0.9468272987237345,0.0,0.9468272987237345,0.0,1.0,0.0,17.0,0.0,0.08205901595715188,0.0,17.0,0.0,80.0,0.0,17.0,0.0
G2_tx20_pK0_CBR50,G2,0,20,100,0.0,1.0,50,tx20,20.0,1,8223.525456080553,0.0,0.7268432856585287,0.0,0.6209117349528194,0.0,0.6100299007634956,0.0,0.1407289295604315,0.0,0.009637923132325019,0.0,40850.5,0.0,0.0015029983982201094,0.0,0.005067490554969621,0.0,2.5776044615449796,0.0,1.0,0.0,1316036.0,0.0,1298205.0,0.0,6320.0,0.0,0.0,0.0,0.7598075804668755,0.0,0.1407289295604315,0.0,0.009637923132325019,0.0,6.690110315180463,0.0,357.4589837506403,0.0,120.00000000000455,0.0,200.00000000000284,0.0,380.0000000000007,0.0,0.002176232261123556,0.0,0.9912532787856867,0.0,7592.432581674124,0.0,0.7285017366883866,0.0,0.6156493799129038,0.0,0.5921899396362971,0.0,0.17509243949504555,0.0,0.012806701156365138,0.0,36120.00000000001,0.0,0.004016842354671754,0.0,0.005271874205578413,0.0,2.60109809306957,0.0,1.0,0.0,810338.0,0.0,760227.0,0.0,4647.0,0.0,4.68940121282724e-05,0.0,0.7741516678571005,0.0,0.17509243949504555,0.0,0.012806701156365138,0.0,6.698734500733911,0.0,359.8334707922765,0.0,129.99999999999545,0.0,240.000000000002,0.0,3129.9999999999955,0.0,0.04676443656844428,0.0,0.9438999528591773,0.0,5007.743363267431,0.0,0.5881266500037444,0.0,0.425042378320719,0.0,0.40880465304792285,0.0,0.1494614680652071,0.0,0.004622692425019527,0.0,27300.000000000004,0.0,1.3740286383769191,0.0,1.0,0.0,2088177.0,0.0,6320.0,0.0,0.7646775153638796,0.0,0.1494614680652071,0.0,0.004622692425019527,0.0,6.4998706883957125,0.0,237.11363548204966,0.0,129.99999999999545,0.0,209.99999999999375,0.0,310.0000000000023,0.0,0.0,0.0,135.0,0.0,0.4596923611110825,0.0,14400.0,0.0,0.46,0.0,0.52,0.0,50.0,0.0,0.0025290187500058006,0.0,0.0025290187500058006,0.0,0.04600376898348299,0.0,1.0,0.0,0.005136460283268662,0.0,0.005136460283268662,0.0,51.022925122465246,0.0,96.0,0.0,100.0,0.0,533.223,0.0,13.0,0.0,0.0,0.0,0.0,0.0,73.20986310407389,0.0,98.0,0.0,0.2529605805706779,0.0,1.856160550462973e-05,0.0,1.856160550462973e-05,0.0,0.0,0.0,0.0,0.0,0.020385283245459598,0.0,0.020385283245459598,0.0,2.0485898070262247,0.0,1.0,0.0,11.0,0.0,2388264.0,0.0,7280.0,0.0,100.0,0.0,100.0,0.0,2154986.0,0.0,2154986.0,0.0,100.0,0.0,30315.0,0.0,0.9719306761157613,0.0,0.9719306761157613,0.0,1.0,0.0,20.0,0.0,0.08313934153641504,0.0,20.0,0.0,80.0,0.0,20.0,0.0
G2_tx20_pK4_CBR50,G2,0,20,100,0.4,1.6666666666666667,50,tx20,20.0,1,8226.674505512969,0.0,0.7210535807192081,0.0,0.6202261896189327,0.0,0.6103311885693937,0.0,0.19829531692726454,0.0,0.009732917606984817,0.0,40811.00000000001,0.0,0.0011656853834907338,0.0,0.003559367885443675,0.0,2.5680815971888493,0.0,1.0,0.0,1315964.0,0.0,1300535.0,0.0,6320.0,0.0,0.0,0.0,0.7235545371712411,0.0,0.19829531692726454,0.0,0.009732917606984817,0.0,6.697961421725244,0.0,356.7497914319876,0.0,100.00000000000853,0.0,200.00000000000284,0.0,400.0000000000057,0.0,0.0021968686073479213,0.0,0.9930780781237176,0.0,7593.6823494432865,0.0,0.7225135422407325,0.0,0.6146211782640525,0.0,0.5926043965785907,0.0,0.2262468244943782,0.0,0.012711203092027694,0.0,36160.0,0.0,0.0028971052400943564,0.0,0.003689581407175983,0.0,2.588235448413526,0.0,1.0,0.0,810119.0,0.0,762477.0,0.0,4648.0,0.0,3.8265983145686004e-05,0.0,0.7454310097222605,0.0,0.2262468244943782,0.0,0.012711203092027694,0.0,6.708557214874309,0.0,358.75475588116103,0.0,100.00000000000853,0.0,219.99999999999886,0.0,3120.0000000000045,0.0,0.04644255967333194,0.0,0.946932487696252,0.0,5009.953923436361,0.0,0.5792547826869825,0.0,0.4236875593629926,0.0,0.40924070696280623,0.0,0.2051907505502098,0.0,0.004644411081985323,0.0,27310.000000000004,0.0,1.3661281953022641,0.0,1.0,0.0,2092838.0,0.0,6320.0,0.0,0.73114784804175,0.0,0.2051907505502098,0.0,0.004644411081985323,0.0,6.509250537383012,0.0,236.5486530730042,0.0,100.00000000000853,0.0,200.00000000000284,0.0,300.00000000000426,0.0,0.0,0.0,135.0,0.0,0.4861395833333159,0.0,14400.0,0.0,0.48,0.0,0.55,0.0,50.0,0.0,0.0018642888668493054,0.0,0.0018642888668493054,0.0,0.011365526417918721,0.0,1.6666666666666667,0.0,0.0036227629809872236,0.0,0.0036227629809872236,0.0,50.15436222534157,0.0,95.5,0.0,100.0,0.0,533.226,0.0,13.0,0.0,0.0,0.0,0.0,0.0,52.98140255714839,0.0,98.0,0.0,0.4593734432943801,0.0,1.6243492740783095e-05,0.0,1.6243492740783095e-05,0.0,0.4,0.0,0.4,0.0,0.02027791223780102,0.0,0.02027791223780102,0.0,3.889061087433811,0.0,1.0,0.0,14.0,0.0,2387890.0,0.0,7280.0,0.0,100.0,0.0,100.0,0.0,2154709.0,0.0,2154709.0,0.0,100.0,0.0,7743.0,0.0,0.9742187924216217,0.0,0.9742187924216217,0.0,1.0,0.0,20.0,0.0,0.08260797250097023,0.0,20.0,0.0,80.0,0.0,20.0,0.0
G2_tx20_pK8_CBR50,G2,0,20,100,0.8,5.000000000000001,50,tx20,20.0,1,8213.205060675855,0.0,0.7200252097615448,0.0,0.6201738597854507,0.0,0.6105216817071738,0.0,0.2068655589530361,0.0,0.009742149423705462,0.0,40780.5,0.0,0.0011095447446717154,0.0,0.003454787951560012,0.0,2.568083946558494,0.0,1.0,0.0,1315855.0,0.0,1300637.0,0.0,6320.0,0.0,0.0,0.0,0.7180473875493316,0.0,0.2068655589530361,0.0,0.009742149423705462,0.0,6.692166198731503,0.0,356.81752095319445,0.0,100.00000000000142,0.0,200.00000000000284,0.0,400.0000000000057,0.0,0.002197810549034658,0.0,0.9932378567547336,0.0,7594.500119274065,0.0,0.7214449150785659,0.0,0.6143586807208095,0.0,0.5927120743572827,0.0,0.2383301757537219,0.0,0.012551215067226945,0.0,36143.99999999999,0.0,0.002914037738084659,0.0,0.003454634319736959,0.0,2.585569970434566,0.0,1.0,0.0,810216.0,0.0,762715.0,0.0,4647.0,0.0,4.8135312064930834e-05,0.0,0.740415489402988,0.0,0.2383301757537219,0.0,0.012551215067226945,0.0,6.709870290101813,0.0,358.62273588430804,0.0,100.00000000000853,0.0,210.00000000000085,0.0,3109.9999999999995,0.0,0.04647032396299258,0.0,0.9471128686671209,0.0,5011.230084160206,0.0,0.5776433895288056,0.0,0.4234651610270523,0.0,0.4094795443710373,0.0,0.21508928093683832,0.0,0.004592082431988259,0.0,27310.000000000004,0.0,1.3649668827346872,0.0,1.0,0.0,2093168.0,0.0,6320.0,0.0,0.725734389212906,0.0,0.21508928093683832,0.0,0.004592082431988259,0.0,6.510404234194785,0.0,236.52565393699885,0.0,100.00000000000142,0.0,200.00000000000284,0.0,300.00000000000426,0.0,0.0,0.0,135.0,0.0,0.4853506944444359,0.0,14400.0,0.0,0.48,0.0,0.55,0.0,50.0,0.0,0.0018424898581839732,0.0,0.0018424898581839732,0.0,0.005127153404429861,0.0,5.000000000000001,0.0,0.0034417896192172155,0.0,0.0034417896192172155,0.0,50.06221831238015,0.0,95.5,0.0,100.0,0.0,533.222,0.0,13.0,0.0,0.0,0.0,0.0,0.0,49.63905143209116,0.0,98.0,0.0,0.49347906701947847,0.0,1.949233603116546e-05,0.0,1.949233603116546e-05,0.0,0.8,0.0,0.8,0.0,0.020317047486579295,0.0,0.020317047486579295,0.0,5.228826609177703,0.0,1.0,0.0,14.0,0.0,2388056.0,0.0,7280.0,0.0,100.0,0.0,100.0,0.0,2154693.0,0.0,2154693.0,0.0,100.0,0.0,3247.0,0.0,0.9743791806999883,0.0,0.9743791806999883,0.0,1.0,0.0,20.0,0.0,0.08245016961177748,0.0,20.0,0.0,80.0,0.0,20.0,0.0
G2_tx23_pK0_CBR50,G2,0,23,100,0.0,1.0,50,tx23,23.0,1,8219.07831984223,0.0,0.7264490142065007,0.0,0.6205688752598916,0.0,0.6100153972475212,0.0,0.13760632768917563,0.0,0.009616389994279986,0.0,40790.0,0.0,0.001453297344028832,0.0,0.0050778042067374345,0.0,2.5723727911825667,0.0,1.0,0.0,1316317.0,0.0,1300696.0,0.0,6320.0,0.0,0.0,0.0,0.760991038643926,0.0,0.13760632768917563,0.0,0.009616389994279986,0.0,6.693333732839776,0.0,356.89572352033065,0.0,120.00000000000455,0.0,200.00000000000284,0.0,350.0000000000014,0.0,0.0005348255777293768,0.0,0.9929340728715044,0.0,7593.826978143059,0.0,0.7202084809005806,0.0,0.6087061787145405,0.0,0.5919450720536068,0.0,0.15365002957554,0.0,0.011805994656005875,0.0,36160.0,0.0,0.004011980407812687,0.0,0.005321334825742327,0.0,2.493256266954943,0.0,1.0,0.0,810323.0,0.0,784432.0,0.0,4648.0,0.0,3.7022273834014337e-06,0.0,0.7680436290207436,0.0,0.15365002957554,0.0,0.011805994656005875,0.0,6.803603187298963,0.0,348.990568972199,0.0,129.99999999999545,0.0,210.00000000000085,0.0,2759.999999999998,0.0,0.016874752413543734,0.0,0.9737882301255179,0.0,5005.122946023137,0.0,0.5826626688037247,0.0,0.4203761162961313,0.0,0.408556175218029,0.0,0.1393137019616884,0.0,0.004270229616373796,0.0,27310.0,0.0,1.3427233662202587,0.0,1.0,0.0,2116748.0,0.0,6320.0,0.0,0.7629869025505162,0.0,0.1393137019616884,0.0,0.004270229616373796,0.0,6.543123373189875,0.0,233.94277448236636,0.0,120.00000000000455,0.0,200.00000000000284,0.0,299.99999999999716,0.0,0.0,0.0,135.0,0.0,0.4713888888888584,0.0,14400.0,0.0,0.47,0.0,0.53,0.0,50.0,0.0,0.0025064214871124836,0.0,0.0025064214871124836,0.0,0.04654667967018353,0.0,1.0,0.0,0.0051650285069485685,0.0,0.0051650285069485685,0.0,51.103372525155315,0.0,96.0,0.0,100.1,0.0,533.225,0.0,13.0,0.0,0.0,0.0,0.0,0.0,72.99164878692854,0.0,98.0,0.0,0.25518725727624597,0.0,1.39194084808172e-06,0.0,1.39194084808172e-06,0.0,0.0,0.0,0.0,0.0,0.007265467246703884,0.0,0.007265467246703884,0.0,2.0551906255157615,0.0,1.0,0.0,11.0,0.0,2388749.0,0.0,7280.0,0.0,100.0,0.0,100.0,0.0,2155264.0,0.0,2155264.0,0.0,100.0,0.0,30295.0,0.0,0.985061690818387,0.0,0.985061690818387,0.0,1.0,0.0,23.0,0.0,0.08242641191595,0.0,23.0,0.0,80.0,0.0,23.0,0.0
G2_tx23_pK4_CBR50,G2,0,23,100,0.4,1.6666666666666667,50,tx23,23.0,1,8222.33679150975,0.0,0.7206967277810026,0.0,0.6198955173398051,0.0,0.610270410813631,0.0,0.19617364444860658,0.0,0.009767001291110985,0.0,40800.0,0.0,0.0011633455721441425,0.0,0.003570581870349657,0.0,2.5629596992218024,0.0,1.0,0.0,1316032.0,0.0,1302754.0,0.0,6320.0,0.0,0.0,0.0,0.7234727354512057,0.0,0.19617364444860658,0.0,0.009767001291110985,0.0,6.701797185816653,0.0,356.1909232287907,0.0,100.00000000000853,0.0,200.00000000000284,0.0,409.9999999999966,0.0,0.0005531780382239946,0.0,0.9947128945192822,0.0,7587.598564951208,0.0,0.7139740013953624,0.0,0.6075863214126999,0.0,0.5920926004702585,0.0,0.20863706564688939,0.0,0.011891040564643142,0.0,36106.0,0.0,0.003244401279002467,0.0,0.0038096107829138893,0.0,2.4798398074432546,0.0,1.0,0.0,810319.0,0.0,786054.0,0.0,4649.0,0.0,4.936327545077926e-06,0.0,0.7384225511224419,0.0,0.20863706564688939,0.0,0.011891040564643142,0.0,6.810800373102576,0.0,347.98459138939563,0.0,100.00000000000853,0.0,200.00000000000284,0.0,2740.0,0.0,0.017146333727828176,0.0,0.9757947178827104,0.0,5007.78300107189,0.0,0.5738953447932806,0.0,0.41932946972720886,0.0,0.40909284425020587,0.0,0.19698974083983345,0.0,0.004435118935609185,0.0,27309.999999999996,0.0,1.3357862314175637,0.0,1.0,0.0,2120349.0,0.0,6320.0,0.0,0.7283135936584024,0.0,0.19698974083983345,0.0,0.004435118935609185,0.0,6.550951068825957,0.0,233.51987809553992,0.0,100.00000000000853,0.0,200.00000000000284,0.0,299.99999999999716,0.0,0.0,0.0,135.0,0.0,0.4925645833333233,0.0,14400.0,0.0,0.49,0.0,0.56,0.0,50.0,0.0,0.002050151209092685,0.0,0.002050151209092685,0.0,0.01344011528016405,0.0,1.6666666666666667,0.0,0.003669668574356033,0.0,0.003669668574356033,0.0,50.3266719927895,0.0,95.69999999999999,0.0,100.0,0.0,533.224,0.0,13.0,0.0,0.0,0.0,0.0,0.0,53.38768162530539,0.0,98.0,0.0,0.4552277385172721,0.0,1.85618036133335e-06,0.0,1.85618036133335e-06,0.0,0.4,0.0,0.4,0.0,0.0074080158220814,0.0,0.0074080158220814,0.0,3.9026616947409027,0.0,1.0,0.0,14.0,0.0,2388251.0,0.0,7280.0,0.0,100.0,0.0,100.0,0.0,2154963.0,0.0,2154963.0,0.0,100.0,0.0,7777.0,0.0,0.9868703082141086,0.0,0.9868703082141086,0.0,1.0,0.0,23.0,0.0,0.08161059690738791,0.0,23.0,0.0,80.0,0.0,23.0,0.0
G2_tx23_pK8_CBR50,G2,0,23,100,0.8,5.000000000000001,50,tx23,23.0,1,8229.114373617189,0.0,0.7194679879154329,0.0,0.619701059982995,0.0,0.610512883084713,0.0,0.20590706357067828,0.0,0.009651497980927185,0.0,40850.0,0.0,0.0008977281624393881,0.0,0.0030899788148315943,0.0,2.561099683040479,0.0,1.0,0.0,1315543.0,0.0,1303321.0,0.0,6320.0,0.0,0.0,0.0,0.7173175296032213,0.0,0.20590706357067828,0.0,0.009651497980927185,0.0,6.705418681240047,0.0,356.1076204557434,0.0,100.00000000000142,0.0,200.00000000000284,0.0,400.0000000000057,0.0,0.0004986534077563409,0.0,0.9955136396149726,0.0,7582.4726862551015,0.0,0.7125913581267099,0.0,0.60714139000834,0.0,0.5920940873705544,0.0,0.21963371919319055,0.0,0.011760143918734227,0.0,36130.0,0.0,0.002883228030505935,0.0,0.003685496104062809,0.0,2.474709333740171,0.0,1.0,0.0,810203.0,0.0,786555.0,0.0,4649.0,0.0,6.171292873514415e-06,0.0,0.732711634914278,0.0,0.21963371919319055,0.0,0.011760143918734227,0.0,6.816861928760138,0.0,347.55432232965273,0.0,100.00000000000142,0.0,200.00000000000284,0.0,2710.000000000001,0.0,0.016872314716188413,0.0,0.9765527898563693,0.0,5010.043458362075,0.0,0.5719238860867529,0.0,0.4188275470437901,0.0,0.4092752825635092,0.0,0.2072996726318841,0.0,0.0043158854847947055,0.0,27310.000000000004,0.0,1.3333125929487406,0.0,1.0,0.0,2121465.0,0.0,6320.0,0.0,0.7223564847876349,0.0,0.2072996726318841,0.0,0.0043158854847947055,0.0,6.554744402079933,0.0,233.35987631188826,0.0,100.00000000000142,0.0,200.00000000000284,0.0,299.99999999999716,0.0,0.0,0.0,135.0,0.0,0.5004145833333262,0.0,14400.0,0.0,0.5,0.0,0.56,0.0,50.0,0.0,0.0017239538607932787,0.0,0.0017239538607932787,0.0,0.005543606004834024,0.0,5.000000000000001,0.0,0.003311439645368673,0.0,0.003311439645368673,0.0,50.1008439763563,0.0,95.69999999999999,0.0,100.0,0.0,533.226,0.0,13.0,0.0,0.0,0.0,0.0,0.0,49.106860959319974,0.0,98.0,0.0,0.4989095820477571,0.0,2.7850627799568317e-06,0.0,2.7850627799568317e-06,0.0,0.8,0.0,0.8,0.0,0.007292686889316963,0.0,0.007292686889316963,0.0,5.1214329083181545,0.0,1.0,0.0,14.0,0.0,2387840.0,0.0,7280.0,0.0,100.0,0.0,100.0,0.0,2154350.0,0.0,2154350.0,0.0,100.0,0.0,3294.0,0.0,0.9876691345417411,0.0,0.9876691345417411,0.0,1.0,0.0,23.0,0.0,0.08149100827106015,0.0,23.0,0.0,80.0,0.0,23.0,0.0
G2_tx17_pK0_CBR95,G2,0,17,100,0.0,1.0,95,tx17,17.0,1,8143.633762756511,0.0,0.6386086884510447,0.0,0.6167607157917264,0.0,0.6082570831897341,0.0,0.005065482123154791,0.0,0.0039747707123951445,0.0,40741.00000000001,0.0,0.003614206677408814,0.0,0.01687550001690198,0.0,0.9211365484237058,0.0,0.0,0.0,3549880.0,0.0,3169491.0,0.0,6320.0,0.0,5.633993261744059e-07,0.0,0.1374580334823478,0.0,0.005065482123154791,0.0,0.0039747707123951445,0.0,10.464270972712693,0.0,146.60442954404982,0.0,49.999999999998934,0.0,129.99999999999545,0.0,160.0000000000001,0.0,0.007078830833718323,0.0,0.9724308990726447,0.0,7532.093433985974,0.0,0.6474325418632202,0.0,0.6076020041564363,0.0,0.5909001164948324,0.0,0.021431472255429653,0.0,0.005670176803354173,0.0,36034.99999999999,0.0,0.007607458788354272,0.0,0.017805664673103558,0.0,1.0005090746852603,0.0,0.0,0.0,2184698.0,0.0,1748270.0,0.0,4651.0,0.0,0.0003712183560382259,0.0,0.1793567355156812,0.0,0.021431472255429653,0.0,0.005670176803354173,0.0,10.173066794197048,0.0,156.7038558117453,0.0,60.000000000002274,0.0,149.99999999999858,0.0,280.00000000000114,0.0,0.10544523773995307,0.0,0.8687704204425508,0.0,4962.557197611942,0.0,0.4594716438116055,0.0,0.41804354375821373,0.0,0.4080962812363946,0.0,0.008764117169263721,0.0,0.0019832930624541336,0.0,27250.0,0.0,0.4425806809527284,0.0,0.0,0.0,4975059.0,0.0,6320.0,0.0,0.15164443275949088,0.0,0.008764117169263721,0.0,0.0019832930624541336,0.0,10.055249434680267,0.0,99.5380356293262,0.0,59.99999999998806,0.0,130.00000000000256,0.0,190.00000000000483,0.0,0.0,0.0,100.0,0.0,0.9009416666666558,0.0,14400.0,0.0,0.91,0.0,0.96,0.0,95.0,0.0,0.005247573016837419,0.0,0.005247573016837419,0.0,0.1229135221521797,0.0,1.0,0.0,0.017239714992620843,0.0,0.017239714992620843,0.0,56.890729709666026,0.0,96.60000000000001,0.0,100.4,0.0,533.224,0.0,13.0,0.0,0.0,0.0,0.0,0.0,29.274193954342955,0.0,98.0,0.0,0.7012837351596343,0.0,0.00015967956715824916,0.0,0.00015967956715824916,0.0,0.0,0.0,0.0,0.0,0.0469129276611985,0.0,0.0469129276611985,0.0,1.8170697943671188,0.0,1.0,0.0,9.0,0.0,6440238.0,0.0,7280.0,0.0,100.0,0.0,100.0,0.0,5811639.0,0.0,5811639.0,0.0,100.0,0.0,79462.0,0.0,0.930440104762185,0.0,0.930440104762185,0.0,1.0,0.0,17.0,0.0,0.2221044570718281,0.0,17.0,0.0,80.0,0.0,17.0,0.0
G2_tx17_pK4_CBR95,G2,0,17,100,0.4,1.6666666666666667,95,tx17,17.0,1,8136.464855852733,0.0,0.6233750882245628,0.0,0.6162179001632854,0.0,0.6079827323502232,0.0,0.00445823279328967,0.0,0.003893345258391794,0.0,40711.00000000001,0.0,0.0027715038703882556,0.0,0.007859354064970923,0.0,0.8969501041889874,0.0,0.0,0.0,3550419.0,0.0,3220110.0,0.0,6320.0,0.0,1.1266275895887217e-06,0.0,0.07022648294623475,0.0,0.00445823279328967,0.0,0.003893345258391794,0.0,10.543913737795686,0.0,144.2838412352373,0.0,70.00000000000028,0.0,100.00000000000142,0.0,140.00000000000057,0.0,0.0069467857174040585,0.0,0.9824212297196472,0.0,7524.486217950098,0.0,0.633528470603209,0.0,0.6061961894209014,0.0,0.5909522966606119,0.0,0.01840407218669129,0.0,0.005599256700525554,0.0,36035.0,0.0,0.008893427166442702,0.0,0.018358054842572014,0.0,0.989471824161793,0.0,0.0,0.0,2184872.0,0.0,1754340.0,0.0,4651.0,0.0,0.00036249263114727085,0.0,0.1269269354857097,0.0,0.01840407218669129,0.0,0.005599256700525554,0.0,10.184688189938882,0.0,156.21151544170456,0.0,70.00000000000028,0.0,129.99999999999545,0.0,280.00000000000114,0.0,0.10470636266106206,0.0,0.8676796626987759,0.0,4958.254660755132,0.0,0.437278455691421,0.0,0.41692542485967776,0.0,0.4081237627874657,0.0,0.007200825427031702,0.0,0.001923863418217025,0.0,27240.000000000004,0.0,0.4287139148921456,0.0,0.0,0.0,5032062.0,0.0,6320.0,0.0,0.08926698438930204,0.0,0.007200825427031702,0.0,0.001923863418217025,0.0,10.108356924339564,0.0,98.42018242223565,0.0,70.00000000000028,0.0,100.00000000000853,0.0,189.99999999999773,0.0,0.0,0.0,100.0,0.0,0.8958791666666474,0.0,14400.0,0.0,0.9,0.0,0.94,0.0,95.0,0.0,0.00525886585221085,0.0,0.00525886585221085,0.0,0.02413636212311209,0.0,1.6666666666666667,0.0,0.011981137106944208,0.0,0.011981137106944208,0.0,53.622335602372246,0.0,96.5,0.0,100.3,0.0,533.223,0.0,13.0,0.0,0.0,0.0,0.0,0.0,24.083503054989816,0.0,98.0,0.0,0.7542499688266037,0.0,0.00015759221122861708,0.0,0.00015759221122861708,0.0,0.4,0.0,0.4,0.0,0.04656557367177809,0.0,0.04656557367177809,0.0,3.7974978178644165,0.0,1.0,0.0,14.0,0.0,6441168.0,0.0,7280.0,0.0,100.0,0.0,100.0,0.0,5812470.0,0.0,5812470.0,0.0,100.0,0.0,13748.0,0.0,0.9360368311578382,0.0,0.9360368311578382,0.0,1.0,0.0,17.0,0.0,0.22166613030306395,0.0,17.0,0.0,80.0,0.0,17.0,0.0
G2_tx17_pK8_CBR95,G2,0,17,100,0.8,5.000000000000001,95,tx17,17.0,1,8142.803265019386,0.0,0.6210460050662313,0.0,0.6163131028436166,0.0,0.6081130277859479,0.0,0.004444710190683014,0.0,0.003913774250170378,0.0,40750.0,0.0,0.002894682573757357,0.0,0.00879589093117783,0.0,0.9031358090934676,0.0,0.0,0.0,3549612.0,0.0,3194359.0,0.0,6320.0,0.0,0.0,0.0,0.06601418312719391,0.0,0.004444710190683014,0.0,0.003913774250170378,0.0,10.504486681399683,0.0,145.4864622291984,0.0,70.00000000000028,0.0,100.00000000000142,0.0,109.99999999999943,0.0,0.007098522317368771,0.0,0.9812109041776961,0.0,7530.374147631042,0.0,0.6310251855273216,0.0,0.606108555307258,0.0,0.591459502519925,0.0,0.0178683080685276,0.0,0.0055514258057643585,0.0,36035.5,0.0,0.008866801206280346,0.0,0.018170169730417393,0.0,1.003188784371483,0.0,0.0,0.0,2185230.0,0.0,1727304.0,0.0,4650.0,0.0,0.00034824709527143596,0.0,0.12990127968209417,0.0,0.0178683080685276,0.0,0.0055514258057643585,0.0,10.110645046195756,0.0,158.6334310578798,0.0,70.00000000000739,0.0,100.00000000000853,0.0,280.00000000000114,0.0,0.1050653706932451,0.0,0.8675494112747857,0.0,4959.725038052385,0.0,0.4335428627808554,0.0,0.41684727983344155,0.0,0.40842554011599336,0.0,0.006935818470769533,0.0,0.001890929484037775,0.0,27230.000000000004,0.0,0.43180160144493207,0.0,0.0,0.0,4978504.0,0.0,6320.0,0.0,0.08749596264259303,0.0,0.006935818470769533,0.0,0.001890929484037775,0.0,10.056028091065395,0.0,99.469884929288,0.0,70.00000000000028,0.0,100.00000000000142,0.0,189.99999999999773,0.0,0.0,0.0,100.0,0.0,0.8863326388888583,0.0,14400.0,0.0,0.89,0.0,0.93,0.0,95.0,0.0,0.005343471522132323,0.0,0.005343471522132323,0.0,0.0033293381275802366,0.0,5.000000000000001,0.0,0.012447625169650403,0.0,0.012447625169650403,0.0,53.13752953833214,0.0,96.4,0.0,100.4,0.0,533.227,0.0,13.0,0.0,0.0,0.0,0.0,0.0,24.58252427184466,0.0,98.0,0.0,0.749157915593427,0.0,0.00015158418376476612,0.0,0.00015158418376476612,0.0,0.8,0.0,0.8,0.0,0.04679408914595303,0.0,0.04679408914595303,0.0,5.185113268608414,0.0,1.0,0.0,14.0,0.0,6440835.0,0.0,7280.0,0.0,100.0,0.0,100.0,0.0,5811952.0,0.0,5811952.0,0.0,100.0,0.0,3090.0,0.0,0.9352632299784995,0.0,0.9352632299784995,0.0,1.0,0.0,17.0,0.0,0.2218171527500333,0.0,17.0,0.0,80.0,0.0,17.0,0.0
G2_tx20_pK0_CBR95,G2,0,20,100,0.0,1.0,95,tx20,20.0,1,8139.283775681307,0.0,0.6377530582536325,0.0,0.6167021341280661,0.0,0.6082770826266269,0.0,0.004654478521128089,0.0,0.003971457057972271,0.0,40699.99999999999,0.0,0.003695635150673186,0.0,0.017400469954091873,0.0,0.9166911837739498,0.0,0.0,0.0,3550134.0,0.0,3181452.0,0.0,6320.0,0.0,0.0,0.0,0.13527533968766461,0.0,0.004654478521128089,0.0,0.003971457057972271,0.0,10.481432051204727,0.0,146.08845898036495,0.0,49.999999999998934,0.0,120.00000000000455,0.0,159.9999999999966,0.0,0.0021556932780565467,0.0,0.9767482016171783,0.0,7522.305692363802,0.0,0.6325673004204652,0.0,0.6027495445493251,0.0,0.5902972083633242,0.0,0.011153636101479293,0.0,0.005106936895766398,0.0,36000.0,0.0,0.008081731816675547,0.0,0.017912361932695107,0.0,0.9153381560145056,0.0,0.0,0.0,2184804.0,0.0,1862173.0,0.0,4651.0,0.0,4.39398682902448e-05,0.0,0.15842996327408893,0.0,0.011153636101479293,0.0,0.005106936895766398,0.0,10.497189778067117,0.0,147.16234742958898,0.0,59.99999999999517,0.0,130.00000000000966,0.0,200.00000000000284,0.0,0.045971171784745905,0.0,0.9279907945975931,0.0,4959.925192619394,0.0,0.4497281191965761,0.0,0.41502408376726546,0.0,0.40779513730578254,0.0,0.0047120861535715364,0.0,0.0018419706247668423,0.0,27240.000000000004,0.0,0.42065042642667094,0.0,0.0,0.0,5109202.0,0.0,6320.0,0.0,0.14267492262000994,0.0,0.0047120861535715364,0.0,0.0018419706247668423,0.0,10.188112710337624,0.0,96.93224891088667,0.0,50.00000000000426,0.0,129.99999999999545,0.0,169.9999999999875,0.0,0.0,0.0,100.0,0.0,0.9332173611110872,0.0,14400.0,0.0,0.94,0.0,0.97,0.0,95.0,0.0,0.0054992502664715556,0.0,0.0054992502664715556,0.0,0.12180504533700322,0.0,1.0,0.0,0.01759598352736936,0.0,0.01759598352736936,0.0,57.090792721378925,0.0,97.0,0.0,100.3,0.0,533.222,0.0,13.0,0.0,0.0,0.0,0.0,0.0,28.672202511260412,0.0,98.0,0.0,0.7074265049869838,0.0,1.9786427027226984e-05,0.0,1.9786427027226984e-05,0.0,0.0,0.0,0.0,0.0,0.020072383911742212,0.0,0.020072383911742212,0.0,1.8184494602551522,0.0,1.0,0.0,9.0,0.0,6440215.0,0.0,7280.0,0.0,100.0,0.0,100.0,0.0,5812065.0,0.0,5812065.0,0.0,100.0,0.0,79482.0,0.0,0.9568125958673896,0.0,0.9568125958673896,0.0,1.0,0.0,20.0,0.0,0.2218294618381186,0.0,20.0,0.0,80.0,0.0,20.0,0.0
G2_tx20_pK4_CBR95,G2,0,20,100,0.4,1.6666666666666667,95,tx20,20.0,1,8137.194156448409,0.0,0.6226110625956047,0.0,0.61616457439107,0.0,0.6079821149820444,0.0,0.004171781965979863,0.0,0.00389799807977938,0.0,40710.50000000001,0.0,0.002778536761246961,0.0,0.008234485517186986,0.0,0.8976558499216294,0.0,0.0,0.0,3550070.0,0.0,3214214.0,0.0,6320.0,0.0,0.0,0.0,0.0725816638220106,0.0,0.004171781965979863,0.0,0.00389799807977938,0.0,10.534533092527854,0.0,144.58268491145893,0.0,70.00000000000028,0.0,100.00000000000142,0.0,139.99999999999702,0.0,0.0021292537893619,0.0,0.9868577239322042,0.0,7519.223986862047,0.0,0.6179347060207405,0.0,0.6023349540986239,0.0,0.5904828913119079,0.0,0.009802938833757463,0.0,0.005128354367346675,0.0,36030.0,0.0,0.009431496814747314,0.0,0.01811193397631851,0.0,0.9110470875193876,0.0,0.0,0.0,2184913.0,0.0,1855566.0,0.0,4651.0,0.0,4.164925559965088e-05,0.0,0.10390306785099533,0.0,0.009802938833757463,0.0,0.005128354367346675,0.0,10.473629555660644,0.0,147.7304445112704,0.0,70.00000000000028,0.0,100.00000000000853,0.0,199.9999999999993,0.0,0.045848965153303584,0.0,0.9265659548000309,0.0,4955.596620381953,0.0,0.42719902468267207,0.0,0.4144806072796059,0.0,0.40786147683323526,0.0,0.0038686475336787585,0.0,0.0018133554829312972,0.0,27230.500000000004,0.0,0.40986742772145035,0.0,0.0,0.0,5133577.0,0.0,6320.0,0.0,0.08277892783141268,0.0,0.0038686475336787585,0.0,0.0018133554829312972,0.0,10.207987839576736,0.0,96.47550820801948,0.0,70.00000000000028,0.0,100.00000000000142,0.0,150.00000000000034,0.0,0.0,0.0,100.0,0.0,0.9154111111111064,0.0,14400.0,0.0,0.92,0.0,0.95,0.0,95.0,0.0,0.005519545263798304,0.0,0.005519545263798304,0.0,0.017757455356647394,0.0,1.6666666666666667,0.0,0.012107728172030874,0.0,0.012107728172030874,0.0,53.68312501166104,0.0,96.60000000000002,0.0,100.4,0.0,533.227,0.0,13.0,0.0,0.0,0.0,0.0,0.0,24.137148711943794,0.0,98.0,0.0,0.7537025641638123,0.0,1.909817719082331e-05,0.0,1.909817719082331e-05,0.0,0.4,0.0,0.4,0.0,0.019998544409197887,0.0,0.019998544409197887,0.0,3.8187939110070257,0.0,1.0,0.0,14.0,0.0,6440869.0,0.0,7280.0,0.0,100.0,0.0,100.0,0.0,5812073.0,0.0,5812073.0,0.0,100.0,0.0,13664.0,0.0,0.9623550839777821,0.0,0.9623550839777821,0.0,1.0,0.0,20.0,0.0,0.2233554931578305,0.0,20.0,0.0,80.0,0.0,20.0,0.0
G2_tx20_pK8_CBR95,G2,0,20,100,0.8,5.000000000000001,95,tx20,20.0,1,8131.223637622762,0.0,0.6200367539011002,0.0,0.6161869660656364,0.0,0.6080065810722228,0.0,0.004095381282397029,0.0,0.0038551098895520707,0.0,40710.49999999999,0.0,0.0028397281431337892,0.0,0.008524535498995688,0.0,0.8860876710626179,0.0,0.0,0.0,3550692.0,0.0,3250491.0,0.0,6320.0,0.0,0.0,0.0,0.05513167087679984,0.0,0.004095381282397029,0.0,0.0038551098895520707,0.0,10.589122199183807,0.0,142.99367080234956,0.0,70.00000000000028,0.0,100.00000000000142,0.0,100.00000000000853,0.0,0.0021218399117693115,0.0,0.9865138964461012,0.0,7526.206485407435,0.0,0.6152530750925667,0.0,0.6022838316195449,0.0,0.5908618637434851,0.0,0.009421041282678915,0.0,0.005061324266075475,0.0,36020.0,0.0,0.009555682285235147,0.0,0.018485242654280927,0.0,0.9140214177125762,0.0,0.0,0.0,2184878.0,0.0,1845762.0,0.0,4651.0,0.0,3.844608257303154e-05,0.0,0.09767348119638393,0.0,0.009421041282678915,0.0,0.005061324266075475,0.0,10.451230581370107,0.0,148.47145514968886,0.0,70.00000000000739,0.0,100.00000000000142,0.0,199.9999999999993,0.0,0.04607122228334946,0.0,0.9258494066945614,0.0,4956.313558092398,0.0,0.42327479509814014,0.0,0.4145395384911188,0.0,0.40817864208095384,0.0,0.0036632932896210955,0.0,0.0017672100464505513,0.0,27230.0,0.0,0.40612479072640106,0.0,0.0,0.0,5160111.0,0.0,6320.0,0.0,0.06923707648924607,0.0,0.0036632932896210955,0.0,0.0017672100464505513,0.0,10.23533213655864,0.0,95.98380926301779,0.0,70.00000000000028,0.0,100.00000000000142,0.0,120.00000000000455,0.0,0.0,0.0,100.0,0.0,0.904013194444394,0.0,14400.0,0.0,0.91,0.0,0.94,0.0,95.0,0.0,0.005593670759986726,0.0,0.005593670759986726,0.0,0.005548896879300395,0.0,5.000000000000001,0.0,0.012391441343100322,0.0,0.012391441343100322,0.0,54.81973518186526,0.0,96.10000000000002,0.0,100.4,0.0,533.226,0.0,13.0,0.0,0.0,0.0,0.0,0.0,24.542068079640334,0.0,98.0,0.0,0.7495707338812249,0.0,1.754796141719401e-05,0.0,1.754796141719401e-05,0.0,0.8,0.0,0.8,0.0,0.020087254657564436,0.0,0.020087254657564436,0.0,5.139370584457289,0.0,1.0,0.0,14.0,0.0,6441120.0,0.0,7280.0,0.0,100.0,0.0,100.0,0.0,5812641.0,0.0,5812641.0,0.0,100.0,0.0,3114.0,0.0,0.9619100852779313,0.0,0.9619100852779313,0.0,1.0,0.0,20.0,0.0,0.2216784303280508,0.0,20.0,0.0,80.0,0.0,20.0,0.0
G2_tx23_pK0_CBR95,G2,0,23,100,0.0,1.0,95,tx23,23.0,1,8137.40284161351,0.0,0.6375115331966263,0.0,0.616615735106306,0.0,0.6082183758005453,0.0,0.004541171634224638,0.0,0.003967592962173979,0.0,40700.0,0.0,0.003691769629744182,0.0,0.01747379409750655,0.0,0.9161283408207612,0.0,0.0,0.0,3550059.0,0.0,3181778.0,0.0,6320.0,0.0,0.0,0.0,0.136729212408911,0.0,0.004541171634224638,0.0,0.003967592962173979,0.0,10.481801474738337,0.0,146.05105698763396,0.0,49.999999999998934,0.0,120.00000000000455,0.0,159.9999999999966,0.0,0.0005402727109605784,0.0,0.9782941635617887,0.0,7528.196138106713,0.0,0.6261473064337885,0.0,0.6014142858831456,0.0,0.5902199080914462,0.0,0.007213982967855156,0.0,0.004935718146990387,0.0,36015.0,0.0,0.008302319971841958,0.0,0.01801894992289951,0.0,0.8811254481971571,0.0,0.0,0.0,2184811.0,0.0,1914615.0,0.0,4651.0,0.0,3.2039384642424447e-06,0.0,0.14550288178041015,0.0,0.007213982967855156,0.0,0.004935718146990387,0.0,10.645726253370484,0.0,143.16572261264014,0.0,50.00000000000426,0.0,129.99999999999545,0.0,170.0000000000017,0.0,0.01681930382078816,0.0,0.9568562223460061,0.0,4958.920629452795,0.0,0.44566503081958836,0.0,0.41417894911602754,0.0,0.40777290335670585,0.0,0.003099525952576672,0.0,0.0018062821447557996,0.0,27240.000000000004,0.0,0.4120931073589832,0.0,0.0,0.0,5165306.0,0.0,6320.0,0.0,0.1387122079505067,0.0,0.003099525952576672,0.0,0.0018062821447557996,0.0,10.243596045317942,0.0,95.87694126930718,0.0,50.00000000000071,0.0,120.00000000000455,0.0,159.9999999999966,0.0,0.0,0.0,100.0,0.0,0.9493104166665929,0.0,14400.0,0.0,0.95,0.0,0.98,0.0,95.0,0.0,0.0056019353329020355,0.0,0.0056019353329020355,0.0,0.12180504533700322,0.0,1.0,0.0,0.017675054026896446,0.0,0.017675054026896446,0.0,57.512249507873626,0.0,96.8,0.0,100.4,0.0,533.219,0.0,13.0,0.0,0.0,0.0,0.0,0.0,28.695215563888958,0.0,98.0,0.0,0.7071916779193632,0.0,1.3764814381478065e-06,0.0,1.3764814381478065e-06,0.0,0.0,0.0,0.0,0.0,0.007263348428746439,0.0,0.007263348428746439,0.0,1.817959882213777,0.0,1.0,0.0,9.0,0.0,6440504.0,0.0,7280.0,0.0,100.0,0.0,100.0,0.0,5811920.0,0.0,5811920.0,0.0,100.0,0.0,79466.0,0.0,0.9694582857300169,0.0,0.9694582857300169,0.0,1.0,0.0,23.0,0.0,0.2233554931578305,0.0,23.0,0.0,80.0,0.0,23.0,0.0
G2_tx23_pK4_CBR95,G2,0,23,100,0.4,1.6666666666666667,95,tx23,23.0,1,8133.700652315718,0.0,0.6225276015265976,0.0,0.616178448805503,0.0,0.607979775916814,0.0,0.004105591209182722,0.0,0.003910324146438463,0.0,40710.5,0.0,0.002846039756665432,0.0,0.008400930181458627,0.0,0.8984664216952607,0.0,0.0,0.0,3549845.0,0.0,3210987.0,0.0,6320.0,0.0,0.0,0.0,0.07341325268523355,0.0,0.004105591209182722,0.0,0.003910324146438463,0.0,10.527000589640519,0.0,144.71983225095585,0.0,70.00000000000028,0.0,100.00000000000142,0.0,130.00000000000966,0.0,0.0005157971686087702,0.0,0.9882372328932671,0.0,7521.887482530529,0.0,0.6114062809241986,0.0,0.6012760310498335,0.0,0.5903383614655185,0.0,0.006690779008017221,0.0,0.0050023874911293495,0.0,36015.50000000001,0.0,0.009739475105500682,0.0,0.018439963017548355,0.0,0.8819587452085296,0.0,0.0,0.0,2184820.0,0.0,1895295.0,0.0,4650.0,0.0,2.7462216567039846e-06,0.0,0.09478260640164196,0.0,0.006690779008017221,0.0,0.0050023874911293495,0.0,10.584720558064431,0.0,144.62537494163178,0.0,70.00000000000028,0.0,100.00000000000142,0.0,170.0000000000017,0.0,0.016745544255361997,0.0,0.9550722713999322,0.0,4955.4717740522465,0.0,0.42322049016435564,0.0,0.41392482315829965,0.0,0.4078646790600144,0.0,0.0026044253393560225,0.0,0.001798960858059302,0.0,27239.999999999996,0.0,0.40266460327589054,0.0,0.0,0.0,5174654.0,0.0,6320.0,0.0,0.07964609807728208,0.0,0.0026044253393560225,0.0,0.001798960858059302,0.0,10.249204132484548,0.0,95.70731685635407,0.0,70.00000000000028,0.0,100.00000000000142,0.0,130.00000000000966,0.0,0.0,0.0,100.0,0.0,0.9230659722222369,0.0,14400.0,0.0,0.92,0.0,0.95,0.0,95.0,0.0,0.0056932692679947175,0.0,0.0056932692679947175,0.0,0.02302945550598211,0.0,1.6666666666666667,0.0,0.012323085460121907,0.0,0.012323085460121907,0.0,53.38113590441942,0.0,97.19999999999999,0.0,100.4,0.0,533.227,0.0,13.0,0.0,0.0,0.0,0.0,0.0,23.96415770609319,0.0,98.0,0.0,0.755467778509222,0.0,2.064773670694409e-06,0.0,2.064773670694409e-06,0.0,0.4,0.0,0.4,0.0,0.007218104623802539,0.0,0.007218104623802539,0.0,3.797992831541219,0.0,1.0,0.0,14.0,0.0,6440764.0,0.0,7280.0,0.0,100.0,0.0,100.0,0.0,5811775.0,0.0,5811775.0,0.0,100.0,0.0,13950.0,0.0,0.9747634758744101,0.0,0.9747634758744101,0.0,1.0,0.0,23.0,0.0,0.22294177709706775,0.0,23.0,0.0,80.0,0.0,23.0,0.0
G2_tx23_pK8_CBR95,G2,0,23,100,0.8,5.000000000000001,95,tx23,23.0,1,8138.146544559321,0.0,0.6199339236766692,0.0,0.6162448193755022,0.0,0.6080863296757248,0.0,0.004108779245895942,0.0,0.003937540763572538,0.0,40730.5,0.0,0.0028321925226174023,0.0,0.008384754551295358,0.0,0.9063504924365473,0.0,0.0,0.0,3550253.0,0.0,3176856.0,0.0,6320.0,0.0,0.0,0.0,0.066554795055237,0.0,0.004108779245895942,0.0,0.003937540763572538,0.0,10.472788175071907,0.0,146.28209147660453,0.0,70.00000000000028,0.0,100.00000000000142,0.0,100.00000000000853,0.0,0.0005284130454928142,0.0,0.9882546398805945,0.0,7528.108721762285,0.0,0.6088659581035006,0.0,0.601463324597993,0.0,0.590801925263467,0.0,0.006441004826503534,0.0,0.004955599886310208,0.0,35995.50000000001,0.0,0.00993409768483615,0.0,0.01781701613615692,0.0,0.8861768620023748,0.0,0.0,0.0,2184597.0,0.0,1882315.0,0.0,4650.0,0.0,9.155006621358538e-07,0.0,0.09014697327493007,0.0,0.006441004826503534,0.0,0.004955599886310208,0.0,10.555232664155216,0.0,145.58469756656032,0.0,70.00000000000028,0.0,100.00000000000142,0.0,169.9999999999875,0.0,0.016784331389267677,0.0,0.9554636392890771,0.0,4957.706887356004,0.0,0.41925597384858576,0.0,0.41405927282332045,0.0,0.4082076152181587,0.0,0.0024814911958252446,0.0,0.0017738030583282062,0.0,27240.000000000004,0.0,0.40442241707967974,0.0,0.0,0.0,5127965.0,0.0,6320.0,0.0,0.0735168824280197,0.0,0.0024814911958252446,0.0,0.0017738030583282062,0.0,10.205233683564565,0.0,96.57015989773721,0.0,70.00000000000028,0.0,100.00000000000142,0.0,100.00000000000853,0.0,0.0,0.0,100.0,0.0,0.9183076388888755,0.0,14400.0,0.0,0.92,0.0,0.95,0.0,95.0,0.0,0.0057511629651602544,0.0,0.0057511629651602544,0.0,0.006658750152596357,0.0,5.000000000000001,0.0,0.01211503771248762,0.0,0.01211503771248762,0.0,53.96251488688525,0.0,97.60000000000001,0.0,100.5,0.0,533.226,0.0,13.0,0.0,0.0,0.0,0.0,0.0,24.525641025641026,0.0,98.0,0.0,0.7497383568812158,0.0,6.882468769077343e-07,0.0,6.882468769077343e-07,0.0,0.8,0.0,0.8,0.0,0.007233474676300288,0.0,0.007233474676300288,0.0,5.2243589743589745,0.0,1.0,0.0,14.050000000000182,0.0,6440485.0,0.0,7280.0,0.0,100.0,0.0,100.0,0.0,5811868.0,0.0,5811868.0,0.0,100.0,0.0,3120.0,0.0,0.974899636399175,0.0,0.974899636399175,0.0,1.0,0.0,23.0,0.0,0.22279068218895312,0.0,23.0,0.0,80.0,0.0,23.0,0.0
